Workbook

Sheet 戰備庫存總覽
A1: 材料名稱 | B1: 團隊總需求 | C1: 目前總掉落 | D1: 剩餘缺口/溢出 | E1: 狀態
A2: 布里萊赫核心 | B2: =IFERROR(VLOOKUP(A2,製作需求!$A:$H,8,FALSE),0) | C2: =SUMIFS(掉落紀錄!E:E, 掉落紀錄!D:D, A2, 掉落紀錄!C:C, "是") | D2: =C2-B2 | E2: =IF(B2=0,"無需求",IF(D2>=0,"✅ 已達標 (多 "&D2&")","🔴 缺 "&ABS(D2)))
A3: 布里萊赫精髓 | B3: =IFERROR(VLOOKUP(A3,製作需求!$A:$H,8,FALSE),0) | C3: =SUMIFS(掉落紀錄!E:E, 掉落紀錄!D:D, A3, 掉落紀錄!C:C, "是") | D3: =C3-B3 | E3: =IF(B3=0,"無需求",IF(D3>=0,"✅ 已達標 (多 "&D3&")","🔴 缺 "&ABS(D3)))
A4: 橘光記憶碎片 | B4: =IFERROR(VLOOKUP(A4,製作需求!$A:$H,8,FALSE),0) | C4: =SUMIFS(掉落紀錄!E:E, 掉落紀錄!D:D, A4, 掉落紀錄!C:C, "是") | D4: =C4-B4 | E4: =IF(B4=0,"無需求",IF(D4>=0,"✅ 已達標 (多 "&D4&")","🔴 缺 "&ABS(D4)))
A5: 綠光記憶碎片 | B5: =IFERROR(VLOOKUP(A5,製作需求!$A:$H,8,FALSE),0) | C5: =SUMIFS(掉落紀錄!E:E, 掉落紀錄!D:D, A5, 掉落紀錄!C:C, "是") | D5: =C5-B5 | E5: =IF(B5=0,"無需求",IF(D5>=0,"✅ 已達標 (多 "&D5&")","🔴 缺 "&ABS(D5)))
A6: 黃光記憶碎片 | B6: =IFERROR(VLOOKUP(A6,製作需求!$A:$H,8,FALSE),0) | C6: =SUMIFS(掉落紀錄!E:E, 掉落紀錄!D:D, A6, 掉落紀錄!C:C, "是") | D6: =C6-B6 | E6: =IF(B6=0,"無需求",IF(D6>=0,"✅ 已達標 (多 "&D6&")","🔴 缺 "&ABS(D6)))
A7: 蘊含布里萊赫氣息的徽章 | B7: =IFERROR(VLOOKUP(A7,製作需求!$A:$H,8,FALSE),0) | C7: =SUMIFS(掉落紀錄!E:E, 掉落紀錄!D:D, A7, 掉落紀錄!C:C, "是") | D7: =C7-B7 | E7: =IF(B7=0,"無需求",IF(D7>=0,"✅ 已達標 (多 "&D7&")","🔴 缺 "&ABS(D7)))
A8: 鈍刃碎片 | B8: =IFERROR(VLOOKUP(A8,製作需求!$A:$H,8,FALSE),0) | C8: =SUMIFS(掉落紀錄!E:E, 掉落紀錄!D:D, A8, 掉落紀錄!C:C, "是") | D8: =C8-B8 | E8: =IF(B8=0,"無需求",IF(D8>=0,"✅ 已達標 (多 "&D8&")","🔴 缺 "&ABS(D8)))
A9: 柔軟的金屬碎片 | B9: =IFERROR(VLOOKUP(A9,製作需求!$A:$H,8,FALSE),0) | C9: =SUMIFS(掉落紀錄!E:E, 掉落紀錄!D:D, A9, 掉落紀錄!C:C, "是") | D9: =C9-B9 | E9: =IF(B9=0,"無需求",IF(D9>=0,"✅ 已達標 (多 "&D9&")","🔴 缺 "&ABS(D9)))
A10: 褪色的刺繡線 | B10: =IFERROR(VLOOKUP(A10,製作需求!$A:$H,8,FALSE),0) | C10: =SUMIFS(掉落紀錄!E:E, 掉落紀錄!D:D, A10, 掉落紀錄!C:C, "是") | D10: =C10-B10 | E10: =IF(B10=0,"無需求",IF(D10>=0,"✅ 已達標 (多 "&D10&")","🔴 缺 "&ABS(D10)))
A11: 空的魔力石 | B11: =IFERROR(VLOOKUP(A11,製作需求!$A:$H,8,FALSE),0) | C11: =SUMIFS(掉落紀錄!E:E, 掉落紀錄!D:D, A11, 掉落紀錄!C:C, "是") | D11: =C11-B11 | E11: =IF(B11=0,"無需求",IF(D11>=0,"✅ 已達標 (多 "&D11&")","🔴 缺 "&ABS(D11)))
A12: 霰石 | B12: =IFERROR(VLOOKUP(A12,製作需求!$A:$H,8,FALSE),0) | C12: =SUMIFS(掉落紀錄!E:E, 掉落紀錄!D:D, A12, 掉落紀錄!C:C, "是") | D12: =C12-B12 | E12: =IF(B12=0,"無需求",IF(D12>=0,"✅ 已達標 (多 "&D12&")","🔴 缺 "&ABS(D12)))
A13: 透輝石 | B13: =IFERROR(VLOOKUP(A13,製作需求!$A:$H,8,FALSE),0) | C13: =SUMIFS(掉落紀錄!E:E, 掉落紀錄!D:D, A13, 掉落紀錄!C:C, "是") | D13: =C13-B13 | E13: =IF(B13=0,"無需求",IF(D13>=0,"✅ 已達標 (多 "&D13&")","🔴 缺 "&ABS(D13)))
... A29: 魔力石 | B29: =IFERROR(VLOOKUP(A29,製作需求!$A:$H,8,FALSE),0) | C29: =SUMIFS(掉落紀錄!E:E, 掉落紀錄!D:D, A29, 掉落紀錄!C:C, "是") | D29: =C29-B29 | E29: =IF(B29=0,"無需求",IF(D29>=0,"✅ 已達標 (多 "&D29&")","🔴 缺 "&ABS(D29)))

Sheet 製作需求
B1: 破鳥 | C1: 大佐 | D1: 魔頭 | E1: 殘血 | F1: 小羊 | G1: 夏目 | H1: 合計
A2: 武器選擇 | B2: 不製作 | C2: 不製作 | D2: 不製作 | E2: 不製作 | F2: 不製作 | G2: 不製作
A3: 布里萊赫核心 | B3: =IFERROR(INDEX(武器配方!$B$2:$AC$31,MATCH(B$2,武器配方!$A$2:$A$31,0),MATCH($A3,武器配方!$B$1:$AC$1,0)),0) | C3: =IFERROR(INDEX(武器配方!$B$2:$AC$31,MATCH(C$2,武器配方!$A$2:$A$31,0),MATCH($A3,武器配方!$B$1:$AC$1,0)),0) | D3: =IFERROR(INDEX(武器配方!$B$2:$AC$31,MATCH(D$2,武器配方!$A$2:$A$31,0),MATCH($A3,武器配方!$B$1:$AC$1,0)),0) | E3: =IFERROR(INDEX(武器配方!$B$2:$AC$31,MATCH(E$2,武器配方!$A$2:$A$31,0),MATCH($A3,武器配方!$B$1:$AC$1,0)),0) | F3: =IFERROR(INDEX(武器配方!$B$2:$AC$31,MATCH(F$2,武器配方!$A$2:$A$31,0),MATCH($A3,武器配方!$B$1:$AC$1,0)),0) | G3: =IFERROR(INDEX(武器配方!$B$2:$AC$31,MATCH(G$2,武器配方!$A$2:$A$31,0),MATCH($A3,武器配方!$B$1:$AC$1,0)),0) | H3: =SUM(B3:G3)
A4: 布里萊赫精髓 | B4: =IFERROR(INDEX(武器配方!$B$2:$AC$31,MATCH(B$2,武器配方!$A$2:$A$31,0),MATCH($A4,武器配方!$B$1:$AC$1,0)),0) | C4: =IFERROR(INDEX(武器配方!$B$2:$AC$31,MATCH(C$2,武器配方!$A$2:$A$31,0),MATCH($A4,武器配方!$B$1:$AC$1,0)),0) | D4: =IFERROR(INDEX(武器配方!$B$2:$AC$31,MATCH(D$2,武器配方!$A$2:$A$31,0),MATCH($A4,武器配方!$B$1:$AC$1,0)),0) | E4: =IFERROR(INDEX(武器配方!$B$2:$AC$31,MATCH(E$2,武器配方!$A$2:$A$31,0),MATCH($A4,武器配方!$B$1:$AC$1,0)),0) | F4: =IFERROR(INDEX(武器配方!$B$2:$AC$31,MATCH(F$2,武器配方!$A$2:$A$31,0),MATCH($A4,武器配方!$B$1:$AC$1,0)),0) | G4: =IFERROR(INDEX(武器配方!$B$2:$AC$31,MATCH(G$2,武器配方!$A$2:$A$31,0),MATCH($A4,武器配方!$B$1:$AC$1,0)),0) | H4: =SUM(B4:G4)
A5: 橘光記憶碎片 | B5: =IFERROR(INDEX(武器配方!$B$2:$AC$31,MATCH(B$2,武器配方!$A$2:$A$31,0),MATCH($A5,武器配方!$B$1:$AC$1,0)),0) | C5: =IFERROR(INDEX(武器配方!$B$2:$AC$31,MATCH(C$2,武器配方!$A$2:$A$31,0),MATCH($A5,武器配方!$B$1:$AC$1,0)),0) | D5: =IFERROR(INDEX(武器配方!$B$2:$AC$31,MATCH(D$2,武器配方!$A$2:$A$31,0),MATCH($A5,武器配方!$B$1:$AC$1,0)),0) | E5: =IFERROR(INDEX(武器配方!$B$2:$AC$31,MATCH(E$2,武器配方!$A$2:$A$31,0),MATCH($A5,武器配方!$B$1:$AC$1,0)),0) | F5: =IFERROR(INDEX(武器配方!$B$2:$AC$31,MATCH(F$2,武器配方!$A$2:$A$31,0),MATCH($A5,武器配方!$B$1:$AC$1,0)),0) | G5: =IFERROR(INDEX(武器配方!$B$2:$AC$31,MATCH(G$2,武器配方!$A$2:$A$31,0),MATCH($A5,武器配方!$B$1:$AC$1,0)),0) | H5: =SUM(B5:G5)
A6: 綠光記憶碎片 | B6: =IFERROR(INDEX(武器配方!$B$2:$AC$31,MATCH(B$2,武器配方!$A$2:$A$31,0),MATCH($A6,武器配方!$B$1:$AC$1,0)),0) | C6: =IFERROR(INDEX(武器配方!$B$2:$AC$31,MATCH(C$2,武器配方!$A$2:$A$31,0),MATCH($A6,武器配方!$B$1:$AC$1,0)),0) | D6: =IFERROR(INDEX(武器配方!$B$2:$AC$31,MATCH(D$2,武器配方!$A$2:$A$31,0),MATCH($A6,武器配方!$B$1:$AC$1,0)),0) | E6: =IFERROR(INDEX(武器配方!$B$2:$AC$31,MATCH(E$2,武器配方!$A$2:$A$31,0),MATCH($A6,武器配方!$B$1:$AC$1,0)),0) | F6: =IFERROR(INDEX(武器配方!$B$2:$AC$31,MATCH(F$2,武器配方!$A$2:$A$31,0),MATCH($A6,武器配方!$B$1:$AC$1,0)),0) | G6: =IFERROR(INDEX(武器配方!$B$2:$AC$31,MATCH(G$2,武器配方!$A$2:$A$31,0),MATCH($A6,武器配方!$B$1:$AC$1,0)),0) | H6: =SUM(B6:G6)
A7: 黃光記憶碎片 | B7: =IFERROR(INDEX(武器配方!$B$2:$AC$31,MATCH(B$2,武器配方!$A$2:$A$31,0),MATCH($A7,武器配方!$B$1:$AC$1,0)),0) | C7: =IFERROR(INDEX(武器配方!$B$2:$AC$31,MATCH(C$2,武器配方!$A$2:$A$31,0),MATCH($A7,武器配方!$B$1:$AC$1,0)),0) | D7: =IFERROR(INDEX(武器配方!$B$2:$AC$31,MATCH(D$2,武器配方!$A$2:$A$31,0),MATCH($A7,武器配方!$B$1:$AC$1,0)),0) | E7: =IFERROR(INDEX(武器配方!$B$2:$AC$31,MATCH(E$2,武器配方!$A$2:$A$31,0),MATCH($A7,武器配方!$B$1:$AC$1,0)),0) | F7: =IFERROR(INDEX(武器配方!$B$2:$AC$31,MATCH(F$2,武器配方!$A$2:$A$31,0),MATCH($A7,武器配方!$B$1:$AC$1,0)),0) | G7: =IFERROR(INDEX(武器配方!$B$2:$AC$31,MATCH(G$2,武器配方!$A$2:$A$31,0),MATCH($A7,武器配方!$B$1:$AC$1,0)),0) | H7: =SUM(B7:G7)
A8: 蘊含布里萊赫氣息的徽章 | B8: =IFERROR(INDEX(武器配方!$B$2:$AC$31,MATCH(B$2,武器配方!$A$2:$A$31,0),MATCH($A8,武器配方!$B$1:$AC$1,0)),0) | C8: =IFERROR(INDEX(武器配方!$B$2:$AC$31,MATCH(C$2,武器配方!$A$2:$A$31,0),MATCH($A8,武器配方!$B$1:$AC$1,0)),0) | D8: =IFERROR(INDEX(武器配方!$B$2:$AC$31,MATCH(D$2,武器配方!$A$2:$A$31,0),MATCH($A8,武器配方!$B$1:$AC$1,0)),0) | E8: =IFERROR(INDEX(武器配方!$B$2:$AC$31,MATCH(E$2,武器配方!$A$2:$A$31,0),MATCH($A8,武器配方!$B$1:$AC$1,0)),0) | F8: =IFERROR(INDEX(武器配方!$B$2:$AC$31,MATCH(F$2,武器配方!$A$2:$A$31,0),MATCH($A8,武器配方!$B$1:$AC$1,0)),0) | G8: =IFERROR(INDEX(武器配方!$B$2:$AC$31,MATCH(G$2,武器配方!$A$2:$A$31,0),MATCH($A8,武器配方!$B$1:$AC$1,0)),0) | H8: =SUM(B8:G8)
A9: 鈍刃碎片 | B9: =IFERROR(INDEX(武器配方!$B$2:$AC$31,MATCH(B$2,武器配方!$A$2:$A$31,0),MATCH($A9,武器配方!$B$1:$AC$1,0)),0) | C9: =IFERROR(INDEX(武器配方!$B$2:$AC$31,MATCH(C$2,武器配方!$A$2:$A$31,0),MATCH($A9,武器配方!$B$1:$AC$1,0)),0) | D9: =IFERROR(INDEX(武器配方!$B$2:$AC$31,MATCH(D$2,武器配方!$A$2:$A$31,0),MATCH($A9,武器配方!$B$1:$AC$1,0)),0) | E9: =IFERROR(INDEX(武器配方!$B$2:$AC$31,MATCH(E$2,武器配方!$A$2:$A$31,0),MATCH($A9,武器配方!$B$1:$AC$1,0)),0) | F9: =IFERROR(INDEX(武器配方!$B$2:$AC$31,MATCH(F$2,武器配方!$A$2:$A$31,0),MATCH($A9,武器配方!$B$1:$AC$1,0)),0) | G9: =IFERROR(INDEX(武器配方!$B$2:$AC$31,MATCH(G$2,武器配方!$A$2:$A$31,0),MATCH($A9,武器配方!$B$1:$AC$1,0)),0) | H9: =SUM(B9:G9)
A10: 柔軟的金屬碎片 | B10: =IFERROR(INDEX(武器配方!$B$2:$AC$31,MATCH(B$2,武器配方!$A$2:$A$31,0),MATCH($A10,武器配方!$B$1:$AC$1,0)),0) | C10: =IFERROR(INDEX(武器配方!$B$2:$AC$31,MATCH(C$2,武器配方!$A$2:$A$31,0),MATCH($A10,武器配方!$B$1:$AC$1,0)),0) | D10: =IFERROR(INDEX(武器配方!$B$2:$AC$31,MATCH(D$2,武器配方!$A$2:$A$31,0),MATCH($A10,武器配方!$B$1:$AC$1,0)),0) | E10: =IFERROR(INDEX(武器配方!$B$2:$AC$31,MATCH(E$2,武器配方!$A$2:$A$31,0),MATCH($A10,武器配方!$B$1:$AC$1,0)),0) | F10: =IFERROR(INDEX(武器配方!$B$2:$AC$31,MATCH(F$2,武器配方!$A$2:$A$31,0),MATCH($A10,武器配方!$B$1:$AC$1,0)),0) | G10: =IFERROR(INDEX(武器配方!$B$2:$AC$31,MATCH(G$2,武器配方!$A$2:$A$31,0),MATCH($A10,武器配方!$B$1:$AC$1,0)),0) | H10: =SUM(B10:G10)
A11: 褪色的刺繡線 | B11: =IFERROR(INDEX(武器配方!$B$2:$AC$31,MATCH(B$2,武器配方!$A$2:$A$31,0),MATCH($A11,武器配方!$B$1:$AC$1,0)),0) | C11: =IFERROR(INDEX(武器配方!$B$2:$AC$31,MATCH(C$2,武器配方!$A$2:$A$31,0),MATCH($A11,武器配方!$B$1:$AC$1,0)),0) | D11: =IFERROR(INDEX(武器配方!$B$2:$AC$31,MATCH(D$2,武器配方!$A$2:$A$31,0),MATCH($A11,武器配方!$B$1:$AC$1,0)),0) | E11: =IFERROR(INDEX(武器配方!$B$2:$AC$31,MATCH(E$2,武器配方!$A$2:$A$31,0),MATCH($A11,武器配方!$B$1:$AC$1,0)),0) | F11: =IFERROR(INDEX(武器配方!$B$2:$AC$31,MATCH(F$2,武器配方!$A$2:$A$31,0),MATCH($A11,武器配方!$B$1:$AC$1,0)),0) | G11: =IFERROR(INDEX(武器配方!$B$2:$AC$31,MATCH(G$2,武器配方!$A$2:$A$31,0),MATCH($A11,武器配方!$B$1:$AC$1,0)),0) | H11: =SUM(B11:G11)
A12: 空的魔力石 | B12: =IFERROR(INDEX(武器配方!$B$2:$AC$31,MATCH(B$2,武器配方!$A$2:$A$31,0),MATCH($A12,武器配方!$B$1:$AC$1,0)),0) | C12: =IFERROR(INDEX(武器配方!$B$2:$AC$31,MATCH(C$2,武器配方!$A$2:$A$31,0),MATCH($A12,武器配方!$B$1:$AC$1,0)),0) | D12: =IFERROR(INDEX(武器配方!$B$2:$AC$31,MATCH(D$2,武器配方!$A$2:$A$31,0),MATCH($A12,武器配方!$B$1:$AC$1,0)),0) | E12: =IFERROR(INDEX(武器配方!$B$2:$AC$31,MATCH(E$2,武器配方!$A$2:$A$31,0),MATCH($A12,武器配方!$B$1:$AC$1,0)),0) | F12: =IFERROR(INDEX(武器配方!$B$2:$AC$31,MATCH(F$2,武器配方!$A$2:$A$31,0),MATCH($A12,武器配方!$B$1:$AC$1,0)),0) | G12: =IFERROR(INDEX(武器配方!$B$2:$AC$31,MATCH(G$2,武器配方!$A$2:$A$31,0),MATCH($A12,武器配方!$B$1:$AC$1,0)),0) | H12: =SUM(B12:G12)
A13: 霰石 | B13: =IFERROR(INDEX(武器配方!$B$2:$AC$31,MATCH(B$2,武器配方!$A$2:$A$31,0),MATCH($A13,武器配方!$B$1:$AC$1,0)),0) | C13: =IFERROR(INDEX(武器配方!$B$2:$AC$31,MATCH(C$2,武器配方!$A$2:$A$31,0),MATCH($A13,武器配方!$B$1:$AC$1,0)),0) | D13: =IFERROR(INDEX(武器配方!$B$2:$AC$31,MATCH(D$2,武器配方!$A$2:$A$31,0),MATCH($A13,武器配方!$B$1:$AC$1,0)),0) | E13: =IFERROR(INDEX(武器配方!$B$2:$AC$31,MATCH(E$2,武器配方!$A$2:$A$31,0),MATCH($A13,武器配方!$B$1:$AC$1,0)),0) | F13: =IFERROR(INDEX(武器配方!$B$2:$AC$31,MATCH(F$2,武器配方!$A$2:$A$31,0),MATCH($A13,武器配方!$B$1:$AC$1,0)),0) | G13: =IFERROR(INDEX(武器配方!$B$2:$AC$31,MATCH(G$2,武器配方!$A$2:$A$31,0),MATCH($A13,武器配方!$B$1:$AC$1,0)),0) | H13: =SUM(B13:G13)
A14: 透輝石 | B14: =IFERROR(INDEX(武器配方!$B$2:$AC$31,MATCH(B$2,武器配方!$A$2:$A$31,0),MATCH($A14,武器配方!$B$1:$AC$1,0)),0) | C14: =IFERROR(INDEX(武器配方!$B$2:$AC$31,MATCH(C$2,武器配方!$A$2:$A$31,0),MATCH($A14,武器配方!$B$1:$AC$1,0)),0) | D14: =IFERROR(INDEX(武器配方!$B$2:$AC$31,MATCH(D$2,武器配方!$A$2:$A$31,0),MATCH($A14,武器配方!$B$1:$AC$1,0)),0) | E14: =IFERROR(INDEX(武器配方!$B$2:$AC$31,MATCH(E$2,武器配方!$A$2:$A$31,0),MATCH($A14,武器配方!$B$1:$AC$1,0)),0) | F14: =IFERROR(INDEX(武器配方!$B$2:$AC$31,MATCH(F$2,武器配方!$A$2:$A$31,0),MATCH($A14,武器配方!$B$1:$AC$1,0)),0) | G14: =IFERROR(INDEX(武器配方!$B$2:$AC$31,MATCH(G$2,武器配方!$A$2:$A$31,0),MATCH($A14,武器配方!$B$1:$AC$1,0)),0) | H14: =SUM(B14:G14)
... A30: 魔力石 | B30: =IFERROR(INDEX(武器配方!$B$2:$AC$31,MATCH(B$2,武器配方!$A$2:$A$31,0),MATCH($A30,武器配方!$B$1:$AC$1,0)),0) | C30: =IFERROR(INDEX(武器配方!$B$2:$AC$31,MATCH(C$2,武器配方!$A$2:$A$31,0),MATCH($A30,武器配方!$B$1:$AC$1,0)),0) | D30: =IFERROR(INDEX(武器配方!$B$2:$AC$31,MATCH(D$2,武器配方!$A$2:$A$31,0),MATCH($A30,武器配方!$B$1:$AC$1,0)),0) | E30: =IFERROR(INDEX(武器配方!$B$2:$AC$31,MATCH(E$2,武器配方!$A$2:$A$31,0),MATCH($A30,武器配方!$B$1:$AC$1,0)),0) | F30: =IFERROR(INDEX(武器配方!$B$2:$AC$31,MATCH(F$2,武器配方!$A$2:$A$31,0),MATCH($A30,武器配方!$B$1:$AC$1,0)),0) | G30: =IFERROR(INDEX(武器配方!$B$2:$AC$31,MATCH(G$2,武器配方!$A$2:$A$31,0),MATCH($A30,武器配方!$B$1:$AC$1,0)),0) | H30: =SUM(B30:G30)

Sheet 掉落紀錄
A1: 時間戳 | B1: 成員 | C1: 計入公庫 | D1: 材料 | E1: 數量

Sheet 武器配方
A1: 武器 | B1: 布里萊赫核心 | C1: 布里萊赫精髓 | D1: 橘光記憶碎片 | E1: 綠光記憶碎片 | F1: 黃光記憶碎片 | G1: 蘊含布里萊赫氣息的徽章 | H1: 鈍刃碎片 | I1: 柔軟的金屬碎片 | J1: 褪色的刺繡線 | K1: 空的魔力石 | L1: 霰石 | M1: 透輝石 | N1: 鵝卵石 | O1: 奧妙的金屬碎片 | P1: 奧妙的魔力石 | Q1: 奧妙的皮革碎片 | R1: 高純度魔力結晶 | S1: 綠意盎然的刀刃碎片 | T1: 綠意盎然的金屬碎片 | U1: 綠意盎然的礦石碎片 | V1: 綠意盎然的木柴 | W1: 堅硬的稀原礦石碎片 | X1: 純白的皮革碎片 | Y1: 純白的羽毛 | Z1: 透明的鍊金術結晶 | AA1: 綠意盎然的法師的寶石 | AB1: 堅硬的狼牙 | AC1: 魔力石
A2: 不製作 | B2: 0 | C2: 0 | D2: 0 | E2: 0 | F2: 0 | G2: 0 | H2: 0 | I2: 0 | J2: 0 | K2: 0 | L2: 0 | M2: 0 | N2: 0 | O2: 0 | P2: 0 | Q2: 0 | R2: 0 | S2: 0 | T2: 0 | U2: 0 | V2: 0 | W2: 0 | X2: 0 | Y2: 0 | Z2: 0 | AA2: 0 | AB2: 0 | AC2: 0
A3: 靈魂解放者單手劍 | B3: 5 | C3: 10 | D3: 30 | E3: 0 | F3: 0 | G3: 6 | H3: 50 | I3: 0 | J3: 0 | K3: 0 | L3: 100 | M3: 0 | N3: 0 | O3: 20 | P3: 0 | Q3: 0 | R3: 20 | S3: 168 | T3: 0 | U3: 0 | V3: 0 | W3: 0 | X3: 0 | Y3: 0 | Z3: 0 | AA3: 0 | AB3: 0 | AC3: 480
A4: 靈魂解放者單手錘 | B4: 5 | C4: 10 | D4: 30 | E4: 0 | F4: 0 | G4: 6 | H4: 50 | I4: 0 | J4: 0 | K4: 0 | L4: 100 | M4: 0 | N4: 0 | O4: 20 | P4: 0 | Q4: 0 | R4: 20 | S4: 168 | T4: 0 | U4: 0 | V4: 0 | W4: 0 | X4: 0 | Y4: 0 | Z4: 0 | AA4: 0 | AB4: 0 | AC4: 480
A5: 靈魂解放者單手斧 | B5: 5 | C5: 10 | D5: 30 | E5: 0 | F5: 0 | G5: 6 | H5: 50 | I5: 0 | J5: 0 | K5: 0 | L5: 100 | M5: 0 | N5: 0 | O5: 20 | P5: 0 | Q5: 0 | R5: 20 | S5: 168 | T5: 0 | U5: 0 | V5: 0 | W5: 0 | X5: 0 | Y5: 0 | Z5: 0 | AA5: 0 | AB5: 0 | AC5: 480
A6: 靈魂解放者弓 | B6: 5 | C6: 10 | D6: 30 | E6: 0 | F6: 0 | G6: 6 | H6: 0 | I6: 0 | J6: 50 | K6: 0 | L6: 100 | M6: 0 | N6: 0 | O6: 0 | P6: 20 | Q6: 0 | R6: 20 | S6: 0 | T6: 0 | U6: 0 | V6: 0 | W6: 0 | X6: 0 | Y6: 168 | Z6: 0 | AA6: 0 | AB6: 0 | AC6: 480
A7: 靈魂解放者弩 | B7: 5 | C7: 10 | D7: 30 | E7: 0 | F7: 0 | G7: 6 | H7: 0 | I7: 0 | J7: 50 | K7: 0 | L7: 100 | M7: 0 | N7: 0 | O7: 0 | P7: 20 | Q7: 0 | R7: 20 | S7: 0 | T7: 0 | U7: 0 | V7: 0 | W7: 0 | X7: 0 | Y7: 168 | Z7: 0 | AA7: 0 | AB7: 0 | AC7: 480
A8: 靈魂解放者魔杖 | B8: 5 | C8: 10 | D8: 0 | E8: 30 | F8: 0 | G8: 6 | H8: 0 | I8: 0 | J8: 0 | K8: 50 | L8: 0 | M8: 100 | N8: 0 | O8: 0 | P8: 20 | Q8: 0 | R8: 20 | S8: 0 | T8: 0 | U8: 0 | V8: 0 | W8: 0 | X8: 0 | Y8: 0 | Z8: 0 | AA8: 168 | AB8: 0 | AC8: 480
A9: 靈魂解放者鋼瓶 | B9: 5 | C9: 10 | D9: 30 | E9: 0 | F9: 0 | G9: 6 | H9: 0 | I9: 50 | J9: 0 | K9: 0 | L9: 100 | M9: 0 | N9: 0 | O9: 0 | P9: 20 | Q9: 0 | R9: 20 | S9: 0 | T9: 0 | U9: 0 | V9: 0 | W9: 0 | X9: 0 | Y9: 0 | Z9: 168 | AA9: 0 | AB9: 0 | AC9: 480
A10: 靈魂解放者手把 | B10: 5 | C10: 10 | D10: 0 | E10: 30 | F10: 0 | G10: 6 | H10: 0 | I10: 50 | J10: 0 | K10: 0 | L10: 0 | M10: 100 | N10: 0 | O10: 20 | P10: 0 | Q10: 0 | R10: 20 | S10: 0 | T10: 0 | U10: 0 | V10: 168 | W10: 0 | X10: 0 | Y10: 0 | Z10: 0 | AA10: 0 | AB10: 0 | AC10: 480
A11: 靈魂解放者里拉 | B11: 8 | C11: 15 | D11: 0 | E11: 0 | F11: 0 | G11: 3 | H11: 0 | I11: 0 | J11: 0 | K11: 0 | L11: 0 | M11: 0 | N11: 0 | O11: 0 | P11: 0 | Q11: 10 | R11: 60 | S11: 0 | T11: 0 | U11: 0 | V11: 0 | W11: 0 | X11: 0 | Y11: 0 | Z11: 0 | AA11: 0 | AB11: 0 | AC11: 0
A12: 靈魂解放者鐮刀 | B12: 5 | C12: 10 | D12: 30 | E12: 0 | F12: 0 | G12: 6 | H12: 0 | I12: 0 | J12: 0 | K12: 50 | L12: 100 | M12: 0 | N12: 0 | O12: 0 | P12: 20 | Q12: 0 | R12: 20 | S12: 0 | T12: 0 | U12: 0 | V12: 0 | W12: 0 | X12: 0 | Y12: 0 | Z12: 0 | AA12: 168 | AB12: 0 | AC12: 480
A13: 靈魂解放者雙手劍 | B13: 9 | C13: 18 | D13: 0 | E13: 45 | F13: 0 | G13: 9 | H13: 100 | I13: 0 | J13: 0 | K13: 0 | L13: 0 | M13: 150 | N13: 0 | O13: 30 | P13: 0 | Q13: 0 | R13: 30 | S13: 0 | T13: 336 | U13: 0 | V13: 0 | W13: 0 | X13: 0 | Y13: 0 | Z13: 0 | AA13: 0 | AB13: 0 | AC13: 960
... A31: 靈魂解放者治癒魔杖 | B31: 5 | C31: 10 | D31: 0 | E31: 30 | F31: 0 | G31: 6 | H31: 0 | I31: 0 | J31: 0 | K31: 50 | L31: 0 | M31: 100 | N31: 0 | O31: 0 | P31: 20 | Q31: 0 | R31: 20 | S31: 0 | T31: 0 | U31: 0 | V31: 0 | W31: 0 | X31: 0 | Y31: 0 | Z31: 0 | AA31: 168 | AB31: 0 | AC31: 480

Sheet 成員主檔
A1: 成員 | B1: 是否共產
A2: 破鳥 | B2: 是
A3: 大佐 | B3: 是
A4: 魔頭 | B4: 是
A5: 殘血 | B5: 是
A6: 小羊 | B6: 是
A7: 夏目 | B7: 是

Sheet 材料主檔
A1: 材料名稱
A2: 布里萊赫核心
A3: 布里萊赫精髓
A4: 橘光記憶碎片
A5: 綠光記憶碎片
A6: 黃光記憶碎片
A7: 蘊含布里萊赫氣息的徽章
A8: 鈍刃碎片
A9: 柔軟的金屬碎片
A10: 褪色的刺繡線
A11: 空的魔力石
A12: 霰石
... A29: 魔力石
